step, cross_entropy, loss, train_accuracy
1,2.57342,2.7855,0.0859375
80,1.53568,1.74983,0.429688
159,1.2728,1.48836,0.5
238,0.973249,1.19438,0.65625
317,0.723496,0.95264,0.757813
396,0.448536,0.687205,0.835938
475,0.289521,0.538309,0.875
554,0.407445,0.666284,0.859375
633,0.264377,0.531735,0.890625
712,0.275236,0.54804,0.890625
791,0.0612825,0.338016,0.984375
870,0.0574992,0.332633,0.976563
949,0.183747,0.460243,0.9375
1028,0.0709602,0.34574,0.976563
1107,0.0397104,0.310997,0.984375
