step, cross_entropy, loss, train_accuracy
1,2.59503,2.8071,0.0859375
80,1.51387,1.7289,0.429688
159,1.2002,1.41641,0.523438
238,0.996836,1.21736,0.617188
317,0.69314,0.921564,0.734375
396,0.584541,0.823086,0.75
475,0.531037,0.780126,0.820313
554,0.210957,0.468749,0.921875
633,0.165199,0.431187,0.929688
712,0.0942584,0.366611,0.96875
791,0.343486,0.617827,0.914063
870,0.110543,0.38724,0.953125
949,0.152954,0.430625,0.976563
1028,0.0617195,0.340364,0.984375
1107,0.0361714,0.31482,0.984375
