step, cross_entropy, loss, train_accuracy
1,2.57858,2.79066,0.0859375
80,1.58045,1.79512,0.414063
159,1.21897,1.43575,0.59375
238,0.935561,1.1582,0.648438
317,0.712465,0.943642,0.773438
396,0.520234,0.761486,0.8125
475,0.390209,0.642449,0.859375
554,0.308455,0.569857,0.914063
633,0.158556,0.42714,0.945313
712,0.177643,0.450048,0.9375
791,0.106661,0.384458,0.960938
870,0.106837,0.385205,0.976563
949,0.0139432,0.28873,1.0
1028,0.0304582,0.300449,0.992188
1107,0.0657765,0.336536,0.96875
