step, cross_entropy, loss, train_accuracy
1,2.60811,2.82019,0.0859375
80,1.72111,1.93371,0.335938
159,1.48155,1.69428,0.421875
238,1.23885,1.45438,0.546875
317,0.859358,1.08108,0.710938
396,0.73286,0.963756,0.78125
475,0.444847,0.686459,0.851563
554,0.377875,0.630394,0.882813
633,0.237013,0.501266,0.921875
712,0.17595,0.449844,0.945313
791,0.113108,0.394379,0.960938
870,0.123403,0.409427,0.953125
949,0.207209,0.496661,0.921875
1028,0.0648002,0.35727,0.96875
1107,0.0505116,0.340943,0.984375
