step, cross_entropy, loss, train_accuracy
1,2.5788,2.79088,0.0859375
80,1.57028,1.78522,0.429688
159,1.23941,1.45607,0.53125
238,1.01689,1.23824,0.625
317,0.72068,0.950755,0.75
396,0.502896,0.742311,0.828125
475,0.270177,0.51974,0.914063
554,0.204117,0.461482,0.945313
633,0.171426,0.435399,0.945313
712,0.194556,0.462731,0.9375
791,0.0713953,0.341648,0.984375
870,0.0892088,0.357719,0.96875
949,0.206902,0.478344,0.9375
1028,0.0283988,0.300364,1.0
1107,0.0065569,0.273416,1.0
